,boost,best integer len,# iterations,AVG integer len,STD ,Optimum,Rel error
eil76.tsp,True,601.0,1341,828.7352459016395,18.438481977565257,538.0,11.71003717472119
ch130.tsp,True,6661.0,368,9783.071815718156,238.22655602802593,6110.0,9.018003273322423
d198.tsp,True,17483.0,126,24178.903149606296,604.656350625944,15780.0,10.792141951837769
eil76.tsp,False,621.0,2219,829.5960810810811,18.422852484104723,538.0,15.427509293680297
ch130.tsp,False,7856.0,548,9768.697632058287,230.03449906355388,6110.0,28.57610474631751
d198.tsp,False,19508.0,166,24155.075449101798,564.3806376265865,15780.0,23.624841571609632
